{
  "version": "v2.0",
  "data": [
    {
      "title": "Beyoncé",
      "paragraphs": [
        
        {
          "qas": [
            {
              "question": "What is the bandwidth of switch 3600 ?",
              "id": "6be85543aeaaa14008c9012",
              "answers": [
                {
                  "answer_start": 1470,
                  "text": "up to 192Gbps of virtual backplane bandwidth"
                }
              ],
              "is_impossible": false
            },
            {
              "question": "How do we deploy ERS 3600 products ?",
              "id": "6be85543aeaaa14008c9013",
              "answers": [
                {
                  "answer_start": 1331,
                  "text": "The ERS 3600 products can be deployed standalone, or configured as a Stackable Chassis system of up to eight units/400 ports."
                }
              ],
              "is_impossible": false
            },
            {
              "question": "what are the rich feature of ERS 3600 ?",
              "id": "6be85543aeaaa14008c9014",
              "answers": [
                {
                  "answer_start": 1866,
                  "text": "Offering feature-rich support for both IP- and Fabric-based Edge networking "
                }
              ],
              "is_impossible": false
            },
            {
              "question": "what are the advantage of ERS 3600 products for future business ?",
              "id": "6be85543aeaaa14008c9015",
              "answers": [
                {
                  "answer_start": 3632,
                  "text": "The ERS 3600 products enable businesses to future-proof with a highly software-definable network virtualization solution"
                }
              ],
              "is_impossible": false
            }
          ],
          "context": "Ethernet Routing Switch 3600 Feature-rich Ethernet Switch platforms leveraging nextgeneration technology optimized for the Branch Office and smaller Wiring Closets. Extreme Networks Ethernet Routing Switch 3600 products sport the performance and agility to excel in conventional IP network deployments in additional to enabling the edge for Fabric-based solutions. The new Ethernet Routing Switch 3600 products leverage the latest advances in network switching architecture design to maximize hardware performance and software capability. These products offer a significant evolutionary step for the entry-level Ethernet Routing Switch 3000 Series, particularly in terms of value and future-ready flexibility, and have been optimized for the Enabled Edge role. The primary purpose of a network is to interconnect users with their applications, and the best networks do this reliably, efficiently, and with a high degree of agility. Extreme Networks’ Fabric-based architecture empowers companies to extend the virtualized Ethernet Fabric beyond the Data Center, to the very edge of the network, delivering powerful integration of users, applications, and devices. The new Ethernet Routing Switch 3600 (ERS 3600) products are an important part of this strategy, delivering Fabric Attach capabilities in a cost-effective form-factor. The ERS 3600 products can be deployed standalone, or configured as a Stackable Chassis system of up to eight units/400 ports, supported by up to 192Gbps of virtual backplane bandwidth. Supporting modern Enterprise applications requires a flexible and highly reliable infrastructure, and the ERS 3600 products help deliver against this challenge. These are highly effective products, fit-for-purpose for conventional Routed IP connectivity requirements and future-ready for the evolving and emerging software-defined needs of tomorrow. Offering feature-rich support for both IP- and Fabric-based Edge networking gives businesses the flexibility to satisfy all common deployment scenarios, with the added advantage of an easy transitioning between the two. Extreme Networks brings unique differentiation to the Branch Office and small-to-medium Wiring Closet role: with a flexible, non-blocking “Stackable Chassis” architecture. The proprietary Extreme Networks “Flexible Advanced Stacking Technology” (FAST) protocol – implemented over dedicated Quality-of-Service aware interfaces – enables a resilient, high-performance solution that leverages a shortest path algorithm to minimizes transit hops in a multi-device configuration by providing active-active bidirectional traffic flows. The Extreme Networks Stackable Chassis technology can offer the same performance, resiliency, and ease of serviceability attributes of a traditional Chassis solution, but at a lower, pay-as-yougrow price point. Notable is the ability to swap-out an individual failed unit without the requirement to pre- or post-stage operating system software or configuration; providing equivalency to module replacement for a modular Chassis system. The ERS 3600 products are purpose-built to support the demands of today’s entry-level Wiring Closet with high-density, full-featured Gigabit Ethernet. It alleviates infrastructure complexity and reduces operational burden with a truly scalable and strategic architecture; it is designed to deliver a high-performance Enabled Edge solution that fully optimizes investments in next-generation application software. Leveraging both next-generation hardware and software technology provides a solution that is ready to support both today’s requirements and tomorrow’s emerging needs. The ERS 3600 products enable businesses to future-proof with a highly software-definable network virtualization solution"
        },
        {
          "qas": [
            {
              "question": "what is the physical connectivity of ERS 3600 ?",
              "id": "6be85543aeaaa14008c9016",
              "answers": [
                {
                  "answer_start": 11,
                  "text": "Physical Connectivity: - 1000BASE-T Access Ports (supporting both Half- and Full-Duplex) - 1000BASE-SFP Combo Network Uplink Ports - 10GBASE-SFP+ Network Uplink Ports "
                }
              ],
              "is_impossible": false
            },
            {
              "question": "what is the Switching Fabric for ERS 3600 ?",
              "id": "6be85543aeaaa14008c9017",
              "answers": [
                {
                  "answer_start": 198,
                  "text": "- 128Gbps (Full-Duplex) for 26-port models - 188Gbps (Full-Duplex) for 50-port models "
                }
              ],
              "is_impossible": false
            },
            {
              "question": "what is QoS Precedence for ERS 3600 ?",
              "id": "6be85543aeaaa14008c9018",
              "answers": [
                {
                  "answer_start": 1267,
                  "text": "QoS Precedences: 8"
                }
              ],
              "is_impossible": false
            },
            {
              "question": "what is QoS Filters per Switch",
              "id": "6be85543aeaaa14008c9019",
              "answers": [
                {
                  "answer_start": 1312,
                  "text": "256 per Precedence Operations & Management"
                }
              ],
              "is_impossible": false
            },
            {
              "question": "what is Physical Specifications of ERS 3600 ?",
              "id": "6be85543aeaaa14008c9020",
              "answers": [
                {
                  "answer_start": 2410,
                  "text": " Height: 44 mm Width: 440 mm Depth: 280 mm, except 380mm for 3650GTS-PWR+ Weight: 3.5-6.3 kg"
                }
              ],
              "is_impossible": false
            }
          ],
          "context": " General • Physical Connectivity: - 1000BASE-T Access Ports (supporting both Half- and Full-Duplex) - 1000BASE-SFP Combo Network Uplink Ports - 10GBASE-SFP+ Network Uplink Ports • Switching Fabric: - 128Gbps (Full-Duplex) for 26-port models - 188Gbps (Full-Duplex) for 50-port models • Frame Forwarding: - 95Mpps for 26-port models - 130Mpps for 50-port models • Nominal Latency: 3.5 microseconds for 64 Byte packets • Nominal Jitter: 0.84 microseconds for 64 Bytepackets • Frame Length: 64 to 1518 Bytes (Untagged), 64 to 1522 Bytes (Tagged) • Jumbo Frame: up to 9,216 Bytes (802.1Q Tagged) • Stackable Chassis Throughput: 24Gbps (Full-Duplex) per Switch, up to 192Gbps Layer 2 • MAC Address: up to 16,384* • Port-based VLANs: 256 • MSTP Instances: 8 • MLT/LACP Groups: 6 • Links per MLT/LACP Group: 4 • DHCP Snooping Entries: up to 512 • 802.1X Clients: 32 per Port • LLDP Neighbors: up to 816 Layer 3 IPv4 Routing Services • ARP Entries: up to 512 • Static ARP Entries: up to 256 • IP Interfaces: up to 64 • IP Routes: up to 256 • IP Static Routes: up to 32 • IP Route Policies: up to 64 • RIP Interfaces: up to 16 • RIP Routes: up to 256 Note: Based on unique MAC/VLAN hashes Multicast • IGMP Enabled VLANs: 256 • IP Multicast Groups: up to 248 QoS & Filtering • QoS Precedences: 8 • QoS Filters per Switch: 256 per Precedence Operations & Management • Port Mirroring Instances: 1, Many-to-One supported • RMON Entries per Port: 4 Groups • Auto-MDIX Detection • Enterprise Device Manager GUI, on-box & off-box Supported Transceivers • 10GBASE-LRM SFP+ (AA1403017-E6), up to 220m over FDDI-grade MMF • 10GBASE-SR/SW SFP+ (AA1403015-E6), up to 300m over MMF • 10GBASE-LR/LW SFP+ (AA1403011-E6), up to 10km over SMF • 10GBASE-ER/EW SFP+ (AA1403013-E6), up to 40km over SMF • 10GBASE-ZR/ZW SFP+ (AA1403016-E6), up to 80km over SMF • 10GBASE-CX (AA1403019-E6)* Dual-Attach Cable, up to 3m over Twinax • 10GBASE-CX (AA1403020-E6)* Dual-Attach Cable, up to 5m over Twinax • 10GBASE-CX (AA1403018-E6)* Dual-Attach Cable, up to 10m over Twinax Note: 3M, 5M and 10M 10GBASE-CX DACs are also supported as stacking cables on ERS 3600. SFP+ sockets are also capable of supporting a wide range of 1 Gigabit Ethernet Transceivers; please refer to the product documentation for complete details. For a complete listing of all specifications and compliance please refer to the product documentation. Physical Specifications Height: 44 mm Width: 440 mm Depth: 280 mm, except 380mm for 3650GTS-PWR+ Weight: 3.5-6.3 kg"
        },
        {
          "qas": [
            {
              "question": "what is Power Specifications of ERS 3626GTS ?",
              "id": "6be85543aeaaa14008c9021",
              "answers": [
                {
                  "answer_start": 33,
                  "text": " • Up to 24.78W, up to 0.24A, and up to 84.55BTU/hr @ 200-240VAC • Up to 24.60W, up to 0.42A, and up to 83.94BTU/hr @ 100-110VAC • 14.82W power consumption at idle, and 18.28W under typical traffic load"
                }
              ],
              "is_impossible": false
            },
            {
              "question": "what is Power Specifications of ERS 3626GTS-PWR+ ",
              "id": "6be85543aeaaa14008c9022",
              "answers": [
                {
                  "answer_start": 253,
                  "text": "• Up to 828.69W, up to 3.66A, and up to 360.61BTU/hr @ 200-240VAC • Up to 874.92W, up to 7.05A, and up to 518.35BTU/hr @ 100-110VAC • 26.66W power consumption at idle, and 30.17W under typical traffic load (excluding PoE draw)"
                }
              ],
              "is_impossible": false
            },
            {
              "question": "what is Power Specifications of  ERS 3650GTS ?",
              "id": "6be85543aeaaa14008c9023",
              "answers": [
                {
                  "answer_start": 491,
                  "text": " • Up to 41.54W, up to 0.41A, and up to 141.73BTU/hr @ 200-240VAC • Up to 41.77W, up to 0.69A, and up to 142.52BTU/hr @ 100-110VAC • 27.89W power consumption at idle, and 35.50W under typical traffic load "
                }
              ],
              "is_impossible": false
            },
            {
              "question": "what is Power Specifications of ERS 3650GTS-PWR+ ",
              "id": "6be85543aeaaa14008c9024",
              "answers": [
                {
                  "answer_start": 712,
                  "text": " • Up to 858.16W, up to 3.79A, and up to 409.64BTU/hr @ 200-240VAC • Up to 903.51W, up to 8.21A, and up to 559.26BTU/hr @ 100-110VAC • 39.84W power consumption at idle, and 46.11W under typical traffic load (excluding PoE draw) "
                }
              ],
              "is_impossible": false
            },
            {
              "question": "what is Operating Temperature of ERS 3600 ?",
              "id": "6be85543aeaaa14008c9025",
              "answers": [
                {
                  "answer_start": 992,
                  "text": "0°C to 50°C (32°F to 122°F)"
                }
              ],
              "is_impossible": false
            },
            {
              "question": "what is Storage Temperature of ERS 3600 ?",
              "id": "6be85543aeaaa14008c9026",
              "answers": [
                {
                  "answer_start": 1040,
                  "text": " -40°C to 70°C (-40°F to 158°F) "
                }
              ],
              "is_impossible": false
            },
            {
              "question": "what is Operating Altitude of ERS 3600 ?",
              "id": "6be85543aeaaa14008c9027",
              "answers": [
                {
                  "answer_start": 1233,
                  "text": "0 to 3,048m (0 to 10,000ft)"
                }
              ],
              "is_impossible": false
            },
            {
              "question": "what is Operating Humidity of ERS 3600 ?",
              "id": "6be85543aeaaa14008c9028",
              "answers": [
                {
                  "answer_start": 1092,
                  "text": "0 to 95% maximum relative humidity, non-condensing"
                }
              ],
              "is_impossible": false
            },
            {
              "question": "what is Storage Humidity of ERS 3600 ?",
              "id": "6be85543aeaaa14008c9029",
              "answers": [
                {
                  "answer_start": 1161,
                  "text": "10 to 95% maximum relative humidity, non-condensing"
                }
              ],
              "is_impossible": false
            },
            {
              "question": "what is Storage altitude of ERS 3600 ?",
              "id": "6be85543aeaaa14008c9030",
              "answers": [
                {
                  "answer_start": 1287,
                  "text": "0 to 12,192m (0 to 40,000ft)"
                }
              ],
              "is_impossible": false
            },
            {
              "question": "what is Acoustic Noise of ERS 3600 ?",
              "id": "6be85543aeaaa14008c9031",
              "answers": [
                {
                  "answer_start": 1340,
                  "text": "• Less than 47dbA at 25°C • Less than 55dbA at 50°C"
                }
              ],
              "is_impossible": false
            }
          ],
          "context": " Power Specifications ERS 3626GTS • Up to 24.78W, up to 0.24A, and up to 84.55BTU/hr @ 200-240VAC • Up to 24.60W, up to 0.42A, and up to 83.94BTU/hr @ 100-110VAC • 14.82W power consumption at idle, and 18.28W under typical traffic load ERS 3626GTS-PWR+ • Up to 828.69W, up to 3.66A, and up to 360.61BTU/hr @ 200-240VAC • Up to 874.92W, up to 7.05A, and up to 518.35BTU/hr @ 100-110VAC • 26.66W power consumption at idle, and 30.17W under typical traffic load (excluding PoE draw) ERS 3650GTS • Up to 41.54W, up to 0.41A, and up to 141.73BTU/hr @ 200-240VAC • Up to 41.77W, up to 0.69A, and up to 142.52BTU/hr @ 100-110VAC • 27.89W power consumption at idle, and 35.50W under typical traffic load ERS 3650GTS-PWR+ • Up to 858.16W, up to 3.79A, and up to 409.64BTU/hr @ 200-240VAC • Up to 903.51W, up to 8.21A, and up to 559.26BTU/hr @ 100-110VAC • 39.84W power consumption at idle, and 46.11W under typical traffic load (excluding PoE draw) Environmental Specifications Operating Temperature: 0°C to 50°C (32°F to 122°F) Storage Temperature: -40°C to 70°C (-40°F to 158°F) Operating Humidity: 0 to 95% maximum relative humidity, non-condensing Storage Humidity: 10 to 95% maximum relative humidity, non-condensing Operating Altitude: 0 to 3,048m (0 to 10,000ft) maximum Storage altitude: 0 to 12,192m (0 to 40,000ft) maximum Acoustic Noise: • Less than 47dbA at 25°C • Less than 55dbA at 50°C"
        },
        {
          "qas": [
            {
              "question": "what is warranty details of ERS 3600 ?",
              "id": "6be85543aeaaa14008c9032",
              "answers": [
                {
                  "answer_start": 0,
                  "text": "• Lifetime Hardware Warranty, providing Next Business Day shipment of replacement hardware. • Lifetime Software Warranty, providing access to Updates and Upgrades. • Lifetime Basic Technical Support. • 90-Day Post-Purchase Advanced Technical Support."
                }
              ],
              "is_impossible": false
            },
            {
              "question": "what is software warranty details of ERS 3600 ?",
              "id": "6be85543aeaaa14008c9033",
              "answers": [
                {
                  "answer_start": 93,
                  "text": " Lifetime Software Warranty, providing access to Updates and Upgrades."
                }
              ],
              "is_impossible": false
            },
            {
              "question": "what is Hardware warranty period of ERS 3600 ?",
              "id": "6be85543aeaaa14008c9034",
              "answers": [
                {
                  "answer_start": 2,
                  "text": "Lifetime Hardware Warranty, providing Next Business Day shipment of replacement hardware"
                }
              ],
              "is_impossible": false
            },
            {
              "question": "what is Basic Technical Support for ERS 3600 ?",
              "id": "6be85543aeaaa14008c9035",
              "answers": [
                {
                  "answer_start": 166,
                  "text": "Lifetime Basic Technical Support."
                }
              ],
              "is_impossible": false
            },
            {
              "question": "what is Advanced Technical Support for ERS 3600 ?",
              "id": "6be85543aeaaa14008c9036",
              "answers": [
                {
                  "answer_start": 201,
                  "text": " 90-Day Post-Purchase Advanced Technical Support."
                }
              ],
              "is_impossible": false
            },
            {
              "question": "what is the warranty period for Technical Support",
              "id": "6be85543aeaaa14008c9037",
              "answers": [
                {
                  "answer_start": 164,
                  "text": "• Lifetime Basic Technical Support. • 90-Day Post-Purchase Advanced Technical Support."
                }
              ],
              "is_impossible": false
            }
          ],
          "context": "• Lifetime Hardware Warranty, providing Next Business Day shipment of replacement hardware. • Lifetime Software Warranty, providing access to Updates and Upgrades. • Lifetime Basic Technical Support. • 90-Day Post-Purchase Advanced Technical Support."
        },
        {
          "qas": [
            {
              "question": "What is the architecture of ERS 3600 ?",
              "id": "6be85543aeaaa14008c9038",
              "answers": [
                {
                  "answer_start": 3,
                  "text": "Non-blocking, wire-speed switching architecture"
                }
              ],
              "is_impossible": false
            },
            {
              "question": "what are the benefits of ERS 3600 ?",
              "id": "6be85543aeaaa14008c9039",
              "answers": [
                {
                  "answer_start": 1,
                  "text": "• Non-blocking, wire-speed switching architecture. • Integrated design that is optimized for low latency and high Quality-of-Service (including QoS-aware Stackable Chassis interfaces). • Feature-rich support for conventional VLAN, Multi-Link Trunking, Spanning Tree technologies. • Extreme Networks Stackable Chassis technology supporting scalability up to 8 units/400 ports, and Auto-Unit Replacement for Software Image and Configuration. • Extreme Networks Fabric Connect technology support for Fabric Attach. • Static, Non-Local IP Routing, and RIP Dynamic IP Routing."
                }
              ],
              "is_impossible": false
            }
          ],
          "context": " • Non-blocking, wire-speed switching architecture. • Integrated design that is optimized for low latency and high Quality-of-Service (including QoS-aware Stackable Chassis interfaces). • Feature-rich support for conventional VLAN, Multi-Link Trunking, Spanning Tree technologies. • Extreme Networks Stackable Chassis technology supporting scalability up to 8 units/400 ports, and Auto-Unit Replacement for Software Image and Configuration. • Extreme Networks Fabric Connect technology support for Fabric Attach. • Static, Non-Local IP Routing, and RIP Dynamic IP Routing."
        }
     ]
    }
  ]
}