,Quest.No,Question,Albert_Ans
0,1,what is the bandwidth of switch 3600 ?,up to 192Gbps of virtual backplane bandwidth
1,2,how do we deploy  ERS 3600 products ?,empty
2,3,what is the maximum wire speed performance of switch 3600 ?,empty
3,4,what is the operating system supported by 3600 ?,minimum level of system software required to operate the Switches
4,5,what is the minimum operating system supported by 3600 ?,Switches
5,6,what is the warranty period of Switch 3600 ?,empty
6,7,what is the country of origin for switch 3600 ?,China
7,8,which country is manufacturing switch 3600 ?,China
8,9,what is the uplink frequency supported by 3600 ?,empty
9,10,what is technology supports Fabric attach for 3600 ?,Fabric Connect
10,11,what are the warranty details of 3600 ?,empty
11,12,what is the hardware warranty details of 3600 ?,"Lifetime Hardware Warranty, providing Next Business Day shipment of replacement hardware."
12,13,How many port configurations available for ERS 3600 ?,26-port and 50-port
13,14,Does switch 3600 provide a mix of gigabit ethernet port ?,for edge access
14,15,Is switch 3600 supports large-scale deployments ?,up to 192Gbps of throughput
15,16,what is the software warranty details of ERS 3600 ?,empty
16,17,what are the different port configuration avaliable for switch 3600 ?,"26-port and 50-port models,"
17,18,How many days of technical support provided by ERS  3600 ?,empty
18,19,what are the different range of models provided under switch 3600 ?,empty
19,20,What are key enterprise benefits offered by ERS 3600 ?,empty
20,21,what is the architecture of ERS 3600 ?,“Stackable Chassis”
21,22,What are the power cords available in ERS 3600 ?,Models at: http://bit.ly/2Gz2csk
22,23,what is value of ERS 3650GTS ?,"– 346,169 hours (39.51 years)"
23,24,what is Extreme Networks Stackable Chassis technology do ?,"supporting scalability up to 8 units/400 ports, and Auto-Unit Replacement for Software Image and Configuration."
24,25,how many QoS Filters per Switch ?,empty
25,26,What are the key benifits provided by switch 3600?,empty
26,27,What are the supporting technologies of feature-rich in ERS 3600 ?,IP- and Fabric-based Edge networking
27,28,What are the supporting technologies of feature-rich ?,"conventional VLAN, Multi-Link Trunking, Spanning Tree technologies."
28,29,what are the major software enhancements ?,empty
29,30,how much power consumption is reduced by switch 3600 ?,8-17%)
30,31,what are the various PWR+ models supported ?,Power-over-Ethernet
31,32,what is the ordering information of AL3600A05-E6 ?,empty
32,33,what is the ordering information of AL3600A15-E6 ?,empty
33,34,what is the ordering information of AL3600A06-E6 ?,empty
34,35,how many Qos Filters  per switch for switch 3600 ?,256 per Precedence Operations & Management
35,36,how many Qos Precedences in switch 3600 ?,empty
36,37,how many IP Route policies does switch 3600 support ?,up to 64
37,38,what is the ordering information of AL3600A16-E6 ?,empty
38,39,what is the ordering information of 700512588 ?,ERS 3600 Passive Stacking Cable 0.5m.
39,40,what is the ordering information of 700512589 ?,ERS 3600 Passive Stacking Cable 1.0m.
40,41,what is MTBF values of ERS 3626GTS ?,"– 336,851 hours (38.45 years)"
41,42,what is MTBF values of ERS 3626GTS-PWR+ ?,"– 136,469 hours (15.57 years)"
42,43,what is MTBF values of ERS 3650GTS ?,"• ERS 3650GTS – 346,169 hours (39.51 years)"
43,44,what is MTBF values of ERS 3650GTS-PWR+ ?,"– 140,827 hours (16.07 years)"
44,45,what are the power specifications of ERS 3626GTS-PWR+ ?,empty
45,46,what are the power specifications of ERS 3650GTS ?,empty
46,47,what are the power specifications of ERS 3650GTS-PWR+ ?,Weight: 3.5-6.3 kg
47,48,what is the operating temperature of 3600 ?,0°C to 50°C (32°F to 122°F)
48,49,what is the storage temperature of 3600 ?,-40°C to 70°C (-40°F to 158°F)
49,50,what is the operating humidity of 3600 ?,"0 to 95% maximum relative humidity, non-condensing"
50,51,what is the Operating Altitude of 3600 ?,"0 to 3,048m (0 to 10,000ft)"
51,52,What is the bandwidth of switch 3600 ?,up to 192Gbps of virtual backplane bandwidth
52,53,How do we deploy ERS 3600 products ?,empty
53,54,what are the rich feature of ERS 3600 ?,empty
54,55,what are the advantage of ERS 3600 products for future business ?,empty
55,56,what is the physical connectivity of ERS 3600 ?,empty
56,57,what is the Switching Fabric for ERS 3600 ?,empty
57,58,what is QoS Precedence for ERS 3600 ?,QoS Precedences: 8
58,59,what is QoS Filters per Switch,OpenFlow 1.3:
59,60,what is Physical Specifications of ERS 3600 ?,empty
60,61,what is Power Specifications of ERS 3626GTS ?,empty
61,62,what is Power Specifications of ERS 3626GTS-PWR+ ,- feature 24 access ports of 1000BASE-T Gigabit Ethernet with RJ45 interfaces
62,63,what is Power Specifications of  ERS 3650GTS ?,empty
63,64,what is Power Specifications of ERS 3650GTS-PWR+ ,Weight: 3.5-6.3 kg
64,65,what is Operating Temperature of ERS 3600 ?,0°C to 50°C (32°F to 122°F)
65,66,what is Storage Temperature of ERS 3600 ?,-40°C to 70°C (-40°F to 158°F)
66,67,what is Operating Altitude of ERS 3600 ?,"0 to 3,048m (0 to 10,000ft)"
67,68,what is Operating Humidity of ERS 3600 ?,"0 to 95% maximum relative humidity, non-condensing"
68,69,what is Storage Humidity of ERS 3600 ?,"10 to 95% maximum relative humidity, non-condensing"
69,70,what is Storage altitude of ERS 3600 ?,"0 to 12,192m (0 to 40,000ft)"
70,71,what is Acoustic Noise of ERS 3600 ?,• Less than 47dbA at 25°C • Less than 55dbA at 50°C
71,72,what is warranty details of ERS 3600 ?,empty
72,73,what is software warranty details of ERS 3600 ?,empty
73,74,what is Hardware warranty period of ERS 3600 ?,"Lifetime Hardware Warranty, providing Next Business Day shipment of replacement hardware."
74,75,what is Basic Technical Support for ERS 3600 ?,Lifetime Basic Technical Support.
75,76,what is Advanced Technical Support for ERS 3600 ?,empty
76,77,what is the warranty period for Technical Support,• Lifetime Basic Technical Support. • 90-Day Post-Purchase Advanced Technical Support.
77,78,What is the architecture of ERS 3600 ?,“Stackable Chassis”
78,79,what are the benefits of ERS 3600 ?,empty
