,Quest.No,Question,Albert_Ans
0,1,what is the bandwidth of switch 3600 ?,192Gbps
1,2,how do we deploy  ERS 3600 products ?,"high-density, full-featured Gigabit Ethernet."
2,3,what is the maximum wire speed performance of switch 3600 ?,empty
3,4,what is the operating system supported by 3600 ?,Switches
4,5,what is the minimum operating system supported by 3600 ?,Switches
5,6,what is the warranty period of Switch 3600 ?,Lifetime Hardware Warranty
6,7,what is the country of origin for switch 3600 ?,China
7,8,which country is manufacturing switch 3600 ?,China
8,9,what is the uplink frequency supported by 3600 ?,empty
9,10,what is technology supports Fabric attach for 3600 ?,Extreme Networks Fabric Connect
10,11,what are the warranty details of 3600 ?,"• Lifetime Hardware Warranty,"
11,12,what is the hardware warranty details of 3600 ?,"• Lifetime Hardware Warranty,"
12,13,How many port configurations available for ERS 3600 ?,Two
13,14,Does switch 3600 provide a mix of gigabit ethernet port ?,Two of these ports are configured in combination with SFP sockets
14,15,Is switch 3600 supports large-scale deployments ?,up to 192Gbps of throughput to support large-scale deployments.
15,16,what is the software warranty details of ERS 3600 ?,empty
16,17,what are the different port configuration avaliable for switch 3600 ?,"26-port and 50-port models,"
17,18,How many days of technical support provided by ERS  3600 ?,empty
18,19,what are the different range of models provided under switch 3600 ?,"26-port and 50-port models,"
19,20,What are key enterprise benefits offered by ERS 3600 ?,empty
20,21,what is the architecture of ERS 3600 ?,“Stackable Chassis”
21,22,What are the power cords available in ERS 3600 ?,empty
22,23,what is value of ERS 3650GTS ?,"– 346,169 hours (39.51 years)"
23,24,what is Extreme Networks Stackable Chassis technology do ?,"supporting scalability up to 8 units/400 ports, and Auto-Unit Replacement for Software Image and Configuration."
24,25,how many QoS Filters per Switch ?,256
25,26,What are the key benifits provided by switch 3600?,empty
26,27,What are the supporting technologies of feature-rich in ERS 3600 ?,"high-density, full-featured Gigabit Ethernet."
27,28,What are the supporting technologies of feature-rich ?,"conventional VLAN, Multi-Link Trunking, Spanning Tree technologies."
28,29,what are the major software enhancements ?,• Extreme Networks Fabric Attach - delivering zerotouch Edge provisioning for unattended and IoT devices
29,30,how much power consumption is reduced by switch 3600 ?,empty
30,31,what are the various PWR+ models supported ?,empty
31,32,what is the ordering information of AL3600A05-E6 ?,empty
32,33,what is the ordering information of AL3600A15-E6 ?,empty
33,34,what is the ordering information of AL3600A06-E6 ?,empty
34,35,how many Qos Filters  per switch for switch 3600 ?,256
35,36,how many Qos Precedences in switch 3600 ?,empty
36,37,how many IP Route policies does switch 3600 support ?,empty
37,38,what is the ordering information of AL3600A16-E6 ?,empty
38,39,what is the ordering information of 700512588 ?,empty
39,40,what is the ordering information of 700512589 ?,empty
40,41,what is MTBF values of ERS 3626GTS ?,"– 336,851 hours (38.45 years)"
41,42,what is MTBF values of ERS 3626GTS-PWR+ ?,"– 136,469 hours (15.57 years)"
42,43,what is MTBF values of ERS 3650GTS ?,"– 346,169 hours (39.51 years)"
43,44,what is MTBF values of ERS 3650GTS-PWR+ ?,"– 140,827 hours (16.07 years)"
44,45,what are the power specifications of ERS 3626GTS-PWR+ ?,empty
45,46,what are the power specifications of ERS 3650GTS ?,empty
46,47,what are the power specifications of ERS 3650GTS-PWR+ ?,3.5-6.3 kg
47,48,what is the operating temperature of 3600 ?,0°C to 50°C
48,49,what is the storage temperature of 3600 ?,-40°C to 70°C (-40°F to 158°F)
49,50,what is the operating humidity of 3600 ?,0 to 95%
50,51,what is the Operating Altitude of 3600 ?,"0 to 3,048m"
51,52,What is the bandwidth of switch 3600 ?,192Gbps
52,53,How do we deploy ERS 3600 products ?,"high-density, full-featured Gigabit Ethernet."
53,54,what are the rich feature of ERS 3600 ?,empty
54,55,what are the advantage of ERS 3600 products for future business ?,It alleviates infrastructure complexity and reduces operational burden with a truly scalable and strategic architecture
55,56,what is the physical connectivity of ERS 3600 ?,- 1000BASE-T Access Ports
56,57,what is the Switching Fabric for ERS 3600 ?,empty
57,58,what is QoS Precedence for ERS 3600 ?,8
58,59,what is QoS Filters per Switch,empty
59,60,what is Physical Specifications of ERS 3600 ?,empty
60,61,what is Power Specifications of ERS 3626GTS ?,"• Up to 24.78W, up to 0.24A, and up to 84.55BTU/hr"
61,62,what is Power Specifications of ERS 3626GTS-PWR+ ,empty
62,63,what is Power Specifications of  ERS 3650GTS ?,empty
63,64,what is Power Specifications of ERS 3650GTS-PWR+ ,empty
64,65,what is Operating Temperature of ERS 3600 ?,0°C to 50°C
65,66,what is Storage Temperature of ERS 3600 ?,-40°C to 70°C (-40°F to 158°F)
66,67,what is Operating Altitude of ERS 3600 ?,"0 to 3,048m"
67,68,what is Operating Humidity of ERS 3600 ?,"0 to 95% maximum relative humidity,"
68,69,what is Storage Humidity of ERS 3600 ?,10 to 95%
69,70,what is Storage altitude of ERS 3600 ?,"0 to 12,192m"
70,71,what is Acoustic Noise of ERS 3600 ?,• Less than 47dbA at 25°C • Less than 55dbA at 50°C
71,72,what is warranty details of ERS 3600 ?,empty
72,73,what is software warranty details of ERS 3600 ?,empty
73,74,what is Hardware warranty period of ERS 3600 ?,Lifetime
74,75,what is Basic Technical Support for ERS 3600 ?,Lifetime
75,76,what is Advanced Technical Support for ERS 3600 ?,empty
76,77,what is the warranty period for Technical Support,Lifetime Basic Technical Support
77,78,What is the architecture of ERS 3600 ?,“Stackable Chassis”
78,79,what are the benefits of ERS 3600 ?,empty
